<?xml version="1.0"?>
<model deformetrica-min-version="3.0.0">
<!-- 
This config file is parameterized so that fields are filled in with QString::arg. Arg 1 is the data sigma value, 2 is
the kernel width for the template, 3 is the kernel type in two places, and 4 is the deformation parameters kernel width. 
-->

    <model-type>Registration</model-type>
    <template>
        <object id="triangle">
            <deformable-object-type>NonOrientedSurfaceMesh</deformable-object-type>
            <data-sigma>%1</data-sigma><!-- 0.1 -->
            <kernel-width>%2</kernel-width> <!-- 5e3 -->
            <kernel-type>%3</kernel-type> <!-- cudaexact -->
            <filename>subject.vtk</filename>
        </object>
    </template>

    <deformation-parameters>
        <kernel-width>%4</kernel-width> <!-- 8e3 -->
        <kernel-type>%3</kernel-type> <!-- cudaexact -->
        <number-of-timepoints>10</number-of-timepoints>
    </deformation-parameters>
</model>
